participant,congruent,resp.rt
1.0,cong,0.8174935467201673
1.0,incong,0.8814514543887021
2.0,cong,0.6856409683104074
2.0,incong,0.9690930053345963
