participant,congruent,resp.rt
rev01,cong,0.8045404764747622
rev01,incong,1.1484640449723682
rev02,cong,0.7246819961656001
rev02,incong,0.7776695474191607
