participant,congruent,resp.rt
1.0,0.0,1.2075454346719199
1.0,1.0,0.8492034869967029
2.0,0.0,0.9983049351974236
2.0,1.0,0.7374402038617214
3.0,0.0,0.7900296845958413
3.0,1.0,0.7239862447992588
4.0,0.0,1.0138710248012406
4.0,1.0,0.666370692331111
